{
    "category": "misc",
    "type": "minecraft:crafting_shaped",
    "pattern": [
        "#N#",
        "EPE",
        "#N#"
    ],
    "key": {
        "#": "minecraft:chorus_fruit",
        "N": "minecraft:end_stone",
        "P": "minecraft:potion",
        "E": "minecraft:ender_pearl"
    },
    "result": {
        "id": "minecraft:command_block",
        "count": 1,
        "components": {
          "minecraft:item_model": "minecraft:potion",
          "minecraft:rarity": "epic",
          "minecraft:max_stack_size": 16,
          "minecraft:enchantment_glint_override": true,
          "minecraft:consumable": {
            "consume_seconds": 2.5,
            "animation": "drink",
            "sound": "entity.generic.drink",
            "has_consume_particles": false,
            "on_consume_effects": [
              {
                "type": "minecraft:play_sound",
                "sound": "entity.enderman.teleport"
              }
            ]
          },
          "minecraft:potion_contents": {
            "custom_color": 14013323
          },
          "minecraft:tooltip_display": {
            "hidden_components": [
              "minecraft:potion_contents"
            ]
          },
          "minecraft:custom_data": {
            "dimensional_potions.end": true
          },
          "minecraft:custom_name": {
            "text": "End Potion",
            "italic": false
          },
          "minecraft:lore": [
            {
              "text": "Drink to teleport to the End",
              "italic": false,
              "color": "gray"
            }
          ]
        }
    }
}