{
  "pools": [
    {
      "rolls": 1,
      "entries": [
        {
          "type": "item",
          "weight": 1,
          "name": "minecraft:shield",
          "functions": [
            {
              "function": "set_count",
              "count": 1
            },
            {
              "function": "set_components",
              "components": {
                "minecraft:rarity": "epic",
                "minecraft:max_damage": 672,
                "minecraft:custom_data": {
                  "shield_upgrades.undying": true
                },
                "minecraft:custom_name": {
                  "text": "Shield of Undying",
                  "italic": false
                },
                "minecraft:tooltip_display": {
                  "hidden_components": [
                    "minecraft:base_color",
                    "minecraft:banner_patterns"
                  ]
                },
                "minecraft:base_color": "white",
                "minecraft:banner_patterns": [
                  {
                    "pattern": "minecraft:rhombus",
                    "color": "lime"
                  },
                  {
                    "pattern": "minecraft:stripe_bottom",
                    "color": "yellow"
                  },
                  {
                    "pattern": "minecraft:stripe_center",
                    "color": "brown"
                  },
                  {
                    "pattern": "minecraft:stripe_middle",
                    "color": "yellow"
                  },
                  {
                    "pattern": "minecraft:half_horizontal",
                    "color": "yellow"
                  },
                  {
                    "pattern": "minecraft:border",
                    "color": "brown"
                  },
                  {
                    "pattern": "minecraft:border",
                    "color": "yellow"
                  }
                ],
                "minecraft:death_protection": {
                  "death_effects": [
                    {
                      "type": "minecraft:clear_all_effects"
                    },
                    {
                      "type": "minecraft:apply_effects",
                      "effects": [
                        {
                          "id": "minecraft:absorption",
                          "duration": 60,
                          "amplifier": 0
                        },
                        {
                          "id": "minecraft:regeneration",
                          "duration": 60,
                          "amplifier": 0
                        },
                        {
                          "id": "minecraft:instant_health",
                          "duration": 1,
                          "amplifier": 0
                        },
                        {
                          "id": "minecraft:saturation",
                          "duration": 1,
                          "amplifier": 0
                        }
                      ]
                    }
                  ]
                },
                "minecraft:attribute_modifiers": [
                  {
                    "type": "minecraft:max_health",
                    "id": "attribute.shield_upgrades.undying.max_health",
                    "amount": 2,
                    "operation": "add_value",
                    "slot": "offhand"
                  }
                ]
              }
            }
          ]
        }
      ]
    }
  ]
}