{
	"type": "minecraft:crafting_shaped",
	"category": "misc",
	"pattern": ["#", "L", "A"],
	"key": {
		"#": {
			"item": "minecraft:hay_block"
		},
		"L": {
			"item": "minecraft:leather_chestplate"
		},
		"A": {
			"item": "minecraft:armor_stand"
		}
	},
	"result": {
		"id": "minecraft:armor_stand",
		"count": 1,
		"components": {
			"minecraft:entity_data": {
				"id": "minecraft:armor_stand",
				"Invulnerable": true,
				"ShowArms": true,
				"NoBasePlate": false,
				"Tags": ["target_dummy.entity", "target_dummy.dummy"],
				"Pose": {
					"LeftArm": [0, 0, 270],
					"RightArm": [0, 0, 90]
				},
				"DisabledSlots": 4144959,
				"ArmorItems": [
					{},
					{},
					{
						"id": "minecraft:leather_chestplate",
						"count": 1,
						"components": {
							"minecraft:trim": {
								"material": "minecraft:redstone",
								"pattern": "minecraft:eye"
							}
						}
					},
					{
						"id": "minecraft:hay_block",
						"count": 1
					}
				]
			},
			"minecraft:rarity": "common",
			"minecraft:custom_name": "{\"translate\": \"Dummy\",\"italic\": false}",
			"minecraft:custom_data": {
				"target_dummy.dummy": true
			}
		}
	}
}
