{
	"category": "misc",
	"type": "minecraft:crafting_shaped",
	"pattern": [" # ", "#E#", " # "],
	"key": {
		"#": "minecraft:amethyst_shard",
		"E": "minecraft:ender_eye"
	},
	"result": {
		"id": "minecraft:writable_book",
		"count": 1,
		"components": {
			"minecraft:enchantment_glint_override": true,
			"minecraft:rarity": "epic",
			"minecraft:item_model": "minecraft:ender_eye",
			"minecraft:max_damage": 32,
			"minecraft:damage": 0,
			"minecraft:max_stack_size": 1,
			"minecraft:repairable": {
				"items": "minecraft:ender_pearl"
			},
			"minecraft:custom_data": {
				"player_teleport": true
			},
			"minecraft:custom_name": {
				"translate": "Player Teleport",
				"italic": false
			},
			"minecraft:lore": [
				{
					"translate": "Write a player name to request a teleport to him",
					"color": "gray",
					"italic": false
				}
			]
		}
	}
}
