{
	"pools": [
		{
			"rolls": 1,
			"entries": [
				{
					"type": "item",
					"weight": 1,
					"name": "minecraft:map",
					"functions": [
						{
							"function": "minecraft:exploration_map",
							"destination": "wandering_trader_maps:nether/fortress",
							"decoration": "minecraft:banner_red",
							"zoom": 1,
							"search_radius": 100,
							"skip_existing_chunks": false
						},
						{
							"function": "set_components",
							"components": {
								"minecraft:rarity": "epic",
								"minecraft:item_name": {
									"translate": "wandering_trader_maps.map.fortress",
									"fallback": "Nether Fortress Map"
								},
								"minecraft:custom_data": {
									"wandering_trader_maps:map": true,
									"wandering_trader_maps:map:type": "fortress",
									"wandering_trader_maps:map:dimension": "the_nether",
									"wandering_trader_maps:map:description": "Nether Fortress"
								},
								"minecraft:map_color": 14188952
							}
						}
					]
				}
			]
		}
	]
}
