{
	"pools": [
		{
			"rolls": 1,
			"entries": [
				{
					"type": "item",
					"weight": 1,
					"name": "minecraft:carrot_on_a_stick",
					"functions": [
						{
							"function": "set_count",
							"count": 1
						},
						{
							"function": "set_components",
							"components": {
								"minecraft:max_stack_size": 1,
								"minecraft:max_damage": 20,
								"minecraft:repairable": {
									"items": "minecraft:iron_ingot"
								},
								"minecraft:item_model": "minecraft:tripwire_hook",
								"minecraft:custom_data": {
									"storage_picker": true
								},
								"minecraft:custom_name": {
									"text": "Storage Picker",
									"italic": false
								},
								"minecraft:lore": [
									{
										"text": "Use while sneaking to pick a storage block",
										"italic": false,
										"color": "gray"
									}
								]
							}
						}
					]
				}
			]
		}
	]
}
