{
  "criteria": {
    "requirement": {
      "trigger": "minecraft:tick",
      "conditions": {
        "player": [
          {
            "condition": "minecraft:all_of",
            "terms": [
              {
                "condition": "minecraft:value_check",
                "value": {
                  "type": "minecraft:score",
                  "target": "this",
                  "score": "soulbound_enchantment.player.death",
                  "scale": 1
                },
                "range": 1
              }
            ]
          }
        ]
      }
    }
  },
  "rewards": {
    "function": "soulbound_enchantment:player/death"
  }
}