{
  "anvil_cost": 4,
  "description": "Reach",
  "supported_items": "#minecraft:enchantable/mining",
  "effects": {
    "minecraft:attributes": [
      {
        "amount": {
          "type": "minecraft:linear",
          "base": 0.5,
          "per_level_above_first": 0.5
        },
        "attribute": "minecraft:block_interaction_range",
        "id": "reach_enchantment:enchantment.block_interaction_range",
        "operation": "add_value"
      }
    ]
  },
  "max_cost": {
    "base": 40,
    "per_level_above_first": 11
  },
  "max_level": 3,
  "min_cost": {
    "base": 10,
    "per_level_above_first": 11
  },
  "slots": [
    "mainhand"
  ],
  "weight": 5
}