{
  "anvil_cost": 4,
  "description": {
    "translate": "Spectral"
  },
  "effects": {
    "minecraft:post_attack": [
      {
        "effect": {
          "type": "minecraft:apply_mob_effect",
          "to_apply": "minecraft:glowing",
          "min_duration": 10,
          "max_duration": 10,
          "min_amplifier": 1,
          "max_amplifier": 1
        },
        "enchanted": "attacker",
        "affected": "victim"
      }
    ]
  },
  "max_cost": {
    "base": 50,
    "per_level_above_first": 0
  },
  "max_level": 1,
  "min_cost": {
    "base": 20,
    "per_level_above_first": 0
  },
  "slots": [
    "mainhand"
  ],
  "supported_items": "#minecraft:enchantable/bow",
  "weight": 2
}