{
  "pools": [
    {
      "rolls": 1,
      "entries": [
        {
          "type": "item",
          "weight": 1,
          "name": "minecraft:leather_chestplate",
          "functions": [
            {
              "function": "set_count",
              "count": 1
            },
            {
              "function": "set_components",
              "components": {
                "minecraft:dyed_color": 4898382,
                "minecraft:trim": {
                  "material": "minecraft:emerald",
                  "pattern": "minecraft:tide"
                },
                "minecraft:rarity": "epic",
                "minecraft:max_damage": 598,
                "minecraft:attribute_modifiers": [
                  {
                    "id": "b35bba76-c513-4673-8598-8faf4f3c5bb6",
                    "type": "minecraft:armor",
                    "amount": 8,
                    "operation": "add_value",
                    "slot": "chest"
                  },
                  {
                    "id": "7b4f1880-8e5e-4c37-a838-a2c4dd0e72b8",
                    "type": "minecraft:armor_toughness",
                    "amount": 2.5,
                    "operation": "add_value",
                    "slot": "chest"
                  },
                  {
                    "id": "ed1af8d4-2722-4238-a399-2611c1b24e1a",
                    "type": "minecraft:water_movement_efficiency",
                    "amount": 0.25,
                    "operation": "add_value",
                    "slot": "chest"
                  },
                  {
                    "id": "ddf03ef7-3059-4ab7-a362-f02a5983dcd6",
                    "type": "minecraft:oxygen_bonus",
                    "amount": 10,
                    "operation": "add_value",
                    "slot": "chest"
                  },
                  {
                    "id": "7c037848-df85-4307-8bd6-63c63a13c41c",
                    "type": "minecraft:submerged_mining_speed",
                    "amount": 1,
                    "operation": "add_value",
                    "slot": "chest"
                  }
                ],
                "minecraft:equippable": {
                  "slot": "chest",
                  "asset_id": "minecraft:leather",
                  "equip_sound": "item.armor.equip_diamond",
                  "dispensable": true,
                  "swappable": true,
                  "damage_on_hurt": true
                },
                "minecraft:tooltip_display": {
                    "hidden_components": [
                      "minecraft:dyed_color",
                      "minecraft:trim"
                    ]
                },
                "minecraft:custom_data": {
                  "fishing_expansion:turtle_armor": true,
                  "fishing_expansion:turtle_armor:chestplate": true
                },
                "minecraft:custom_name": {
                  "text": "Turtle Chestplate",
                  "italic": false
                }
              }
            }
          ]
        }
      ]
    }
  ]
}