{
  "description": "Air Jump",
  "supported_items": "#minecraft:enchantable/foot_armor",
  "primary_items": "#minecraft:enchantable/foot_armor",
  "weight": 2,
  "max_level": 1,
  "max_cost": {
    "base": 50,
    "per_level_above_first": 0
  },
  "min_cost": {
    "base": 20,
    "per_level_above_first": 0
  },
  "anvil_cost": 0,
  "slots": [
    "feet"
  ],
  "effects": {
    "minecraft:tick": [
      {
        "effect": {
          "type": "minecraft:run_function",
          "function": "air_jump_enchantment:tick"
        }
      }
    ]
  }
}