{
	"anvil_cost": 4,
	"description": "Undying",
	"effects": {
		"minecraft:tick": [
			{
				"requirements": {
					"condition": "minecraft:inverted",
					"term": {
						"condition": "minecraft:entity_properties",
						"entity": "this",
						"predicate": {
							"slots": {
								"weapon.*": {
									"components": {
										"minecraft:death_protection": {}
									}
								}
							}
						}
					}
				},
				"effect": {
					"type": "minecraft:run_function",
					"function": "undying_enchantment:tick"
				}
			}
		]
	},
	"max_cost": {
		"base": 75,
		"per_level_above_first": 25
	},
	"max_level": 1,
	"min_cost": {
		"base": 25,
		"per_level_above_first": 25
	},
	"slots": ["hand"],
	"supported_items": "minecraft:shield",
	"weight": 2
}
