{
  "anvil_cost": 1,
  "description": {
    "translate": "enchantment.rpg_enchantments.agility",
    "fallback": "Agility"
  },
  "effects": {
    "minecraft:damage_protection": [
      {
        "effect": {
          "type": "minecraft:add",
          "value": {
            "type": "minecraft:linear",
            "base": 0.25,
            "per_level_above_first": 0.25
          }
        },
        "requirements": {
          "condition": "minecraft:damage_source_properties",
          "predicate": {
            "tags": [
              {
                "expected": false,
                "id": "minecraft:bypasses_invulnerability"
              }
            ]
          }
        }
      }
    ],
    "minecraft:attributes": [
      {
        "attribute": "minecraft:movement_speed",
        "id": "attribute.rpg_enchantments.agility.movement_speed",
        "amount": {
          "type": "minecraft:linear",
          "base": 0.001,
          "per_level_above_first": 0.001
        },
        "operation": "add_value"
      },
      {
          "attribute": "minecraft:step_height",
          "id": "attribute.rpg_enchantments.agility.step_height",
          "amount": {
            "type": "minecraft:linear",
            "base": 0.125,
            "per_level_above_first": 0.125
          },
          "operation": "add_value"
        }
    ]
  },
  "exclusive_set": "#rpg_enchantments:exclusive_set/armor",
  "max_cost": {
    "base": 21,
    "per_level_above_first": 11
  },
  "max_level": 4,
  "min_cost": {
    "base": 1,
    "per_level_above_first": 11
  },
  "primary_items": "#minecraft:enchantable/armor",
  "slots": [
    "armor"
  ],
  "supported_items": "#minecraft:enchantable/armor",
  "weight": 10
}