{
  "pools": [
    {
      "rolls": 1,
      "entries": [
        {
          "type": "item",
          "weight": 1,
          "name": "minecraft:leather_helmet",
          "functions": [
            {
              "function": "set_count",
              "count": 1
            },
            {
              "function": "set_components",
              "components": {
                "minecraft:dyed_color": {
                  "rgb": 4898382,
                  "show_in_tooltip": false
                },
                "minecraft:trim": {
                  "material": "minecraft:emerald",
                  "pattern": "minecraft:tide",
                  "show_in_tooltip": false
                },
                "minecraft:rarity": "epic",
                "minecraft:max_damage": 363,
                "minecraft:attribute_modifiers": [
                  {
                    "id": "c4800d88-a0b6-452f-9a2d-5e02741258a1",
                    "type": "minecraft:generic.armor",
                    "amount": 3,
                    "operation": "add_value",
                    "slot": "head"
                  },
                  {
                    "id": "70e320d7-4d70-4da6-a3c6-fe8604b64609",
                    "type": "minecraft:generic.armor_toughness",
                    "amount": 2.5,
                    "operation": "add_value",
                    "slot": "head"
                  },
                  {
                    "id": "ed1af8d3-2102-4238-a399-2611c1b24e1a",
                    "type": "minecraft:generic.water_movement_efficiency",
                    "amount": 0.25,
                    "operation": "add_value",
                    "slot": "head"
                  },
                  {
                    "id": "8b419236-c821-496a-a33f-a53bcf6ffdaf",
                    "type": "minecraft:generic.oxygen_bonus",
                    "amount": 10,
                    "operation": "add_value",
                    "slot": "head"
                  },
                  {
                    "id": "d14b9629-3b8c-45b2-be1e-e7360d5646fa",
                    "type": "minecraft:player.submerged_mining_speed",
                    "amount": 1,
                    "operation": "add_value",
                    "slot": "head"
                  }
                ],
                "minecraft:custom_data": {
                  "fishing_expansion:turtle_armor": true,
                  "fishing_expansion:turtle_armor:helmet": true
                },
                "minecraft:custom_name": "{\"text\":\"Turtle Helmet\",\"italic\":false}"
              }
            }
          ]
        }
      ]
    }
  ]
}