{
  "anvil_cost": 1,
  "description": {
    "translate": "enchantment.rpg_enchantments.shadowstep",
    "fallback": "Shadowstep"
  },
  "effects": {
    "minecraft:attributes": [
      {
        "attribute": "minecraft:movement_speed",
        "id": "attribute.rpg_enchantments.shadowstep.movement_speed",
        "amount": {
          "type": "minecraft:linear",
          "base": 0.0015,
          "per_level_above_first": 0.0015
        },
        "operation": "add_value"
      }
    ]
  },
  "exclusive_set": "#rpg_enchantments:exclusive_set/armor",
  "max_cost": {
    "base": 21,
    "per_level_above_first": 11
  },
  "max_level": 5,
  "min_cost": {
    "base": 1,
    "per_level_above_first": 11
  },
  "primary_items": "#minecraft:enchantable/armor",
  "slots": [
    "armor"
  ],
  "supported_items": "#minecraft:enchantable/armor",
  "weight": 10
}