{
	"anvil_cost": 4,
	"description": "Attack Speed",
	"effects": {
		"minecraft:attributes": [
			{
				"amount": {
					"type": "minecraft:linear",
					"base": 0.1,
					"per_level_above_first": 0.1
				},
				"attribute": "minecraft:attack_speed",
				"id": "attack_speed_enchantment.enchantment.attribute.attack_speed",
				"operation": "add_value"
			}
		]
	},
	"max_cost": {
		"base": 40,
		"per_level_above_first": 11
	},
	"max_level": 3,
	"min_cost": {
		"base": 10,
		"per_level_above_first": 11
	},
	"slots": ["mainhand"],
	"primary_items": "#minecraft:swords",
	"supported_items": "#minecraft:swords",
	"weight": 5
}
