{
    "criteria": {
        "requirement": {
            "trigger": "tick",
            "conditions": {
                "player": [
                    {
                        "condition": "entity_scores",
                        "entity": "this",
                        "scores": {
                            "graves.all_graves": 1
                        }
                    }
                ]
            }
        }
    },
    "rewards": {
        "function": "graves:player/trigger/use/all_graves"
    }
}