{
  "pools": [
    {
      "rolls": 1,
      "entries": [
        {
          "type": "item",
          "weight": 1,
          "name": "minecraft:map",
          "functions": [
            {
              "function": "minecraft:exploration_map",
              "destination": "wandering_trader_maps:stronghold",
              "decoration": "minecraft:banner_cyan",
              "zoom": 1,
              "search_radius": 100,
              "skip_existing_chunks": false
            },
            {
              "function": "set_components",
              "components": {
                "minecraft:rarity": "epic",
                "minecraft:item_name": "{\"translate\":\"wandering_trader_maps.map.stronghold\",\"fallback\":\"Stronghold Map\"}",
                "minecraft:custom_data": {
                  "wandering_trader_maps:map": true,
                  "wandering_trader_maps:map:type": "stronghold",
                  "wandering_trader_maps:map:dimension": "overworld",
                  "wandering_trader_maps:map:description": "Stronghold"
                },
                "minecraft:map_color": 2185054
              }
            }
          ]
        }
      ]
    }
  ]
}