{
  "anvil_cost": 1,
  "description": {
    "translate": "enchantment.rpg_enchantments.cleave",
    "fallback": "Cleave"
  },
  "effects": {
    "minecraft:damage": [
      {
        "effect": {
          "type": "minecraft:add",
          "value": {
            "type": "minecraft:linear",
            "base": 2,
            "per_level_above_first": 2
          }
        }
      }
    ],
    "minecraft:attributes": [
      {
        "attribute": "minecraft:attack_speed",
        "id": "attribute.rpg_enchantments.cleave.attack_speed",
        "amount": {
          "type": "minecraft:linear",
          "base": -0.1,
          "per_level_above_first": -0.1
        },
        "operation": "add_value"
      }
    ]
  },
  "exclusive_set": "#rpg_enchantments:exclusive_set/weapon",
  "max_cost": {
    "base": 21,
    "per_level_above_first": 11
  },
  "max_level": 5,
  "min_cost": {
    "base": 1,
    "per_level_above_first": 11
  },
  "primary_items": "#minecraft:axes",
  "slots": [
    "mainhand"
  ],
  "supported_items": "#minecraft:axes",
  "weight": 10
}