{
  "anvil_cost": 1,
  "description": {
    "translate": "enchantment.rpg_enchantments.impact",
    "fallback": "Impact"
  },
  "effects": {
    "minecraft:damage": [
      {
        "effect": {
          "type": "minecraft:add",
          "value": {
            "type": "minecraft:linear",
            "base": 1,
            "per_level_above_first": 1
          }
        },
        "requirements": {
          "condition": "minecraft:entity_properties",
          "entity": "direct_attacker",
          "predicate": {
            "type": "#minecraft:arrows"
          }
        }
      }
    ],
    "minecraft:attributes": [
      {
        "attribute": "minecraft:movement_speed",
        "id": "attribute.rpg_enchantments.impact.movement_speed",
        "amount": {
          "type": "minecraft:linear",
          "base": 0.005,
          "per_level_above_first": 0.005
        },
        "operation": "add_value"
      }
    ],
    "minecraft:tick": [
      {
        "effect": {
          "type": "minecraft:apply_mob_effect",
          "to_apply": "minecraft:weakness",
          "min_duration": {
            "type": "minecraft:linear",
            "base": 6.4,
            "per_level_above_first": 6.4
          },
          "max_duration": {
            "type": "minecraft:linear",
            "base": 6.4,
            "per_level_above_first": 6.4
          },
          "min_amplifier": {
            "type": "minecraft:linear",
            "base": 0,
            "per_level_above_first": 1
          },
          "max_amplifier": {
            "type": "minecraft:linear",
            "base": 0,
            "per_level_above_first": 1
          }
        }
      }
    ]
  },
  "exclusive_set": "#rpg_enchantments:exclusive_set/bow",
  "max_cost": {
    "base": 21,
    "per_level_above_first": 11
  },
  "max_level": 5,
  "min_cost": {
    "base": 1,
    "per_level_above_first": 11
  },
  "primary_items": "#minecraft:enchantable/bow",
  "slots": [
    "hand"
  ],
  "supported_items": "#minecraft:enchantable/bow",
  "weight": 10
}