{
  "anvil_cost": 1,
  "description": {
    "translate": "enchantment.rpg_enchantments.lifebound",
    "fallback": "Lifebound"
  },
  "effects": {
    "minecraft:damage": [
      {
        "effect": {
          "type": "minecraft:add",
          "value": {
            "type": "minecraft:linear",
            "base": 0.5,
            "per_level_above_first": 0.25
          }
        }
      }
    ],
    "minecraft:attributes": [
      {
        "attribute": "minecraft:movement_speed",
        "id": "attribute.rpg_enchantments.lifebound.movement_speed",
        "amount": {
          "type": "minecraft:linear",
          "base": 0.0025,
          "per_level_above_first": 0.0025
        },
        "operation": "add_value"
      }
    ],
    "minecraft:post_attack": [
      {
        "requirements": {
          "condition": "minecraft:entity_properties",
          "entity": "attacker",
          "predicate": {
            "flags": {
              "is_sneaking": true
            }
          }
        },
        "effect": {
          "type": "minecraft:apply_mob_effect",
          "to_apply": "minecraft:regeneration",
          "min_duration": {
            "type": "minecraft:linear",
            "base": 1,
            "per_level_above_first": 1
          },
          "max_duration": {
            "type": "minecraft:linear",
            "base": 1,
            "per_level_above_first": 1
          },
          "min_amplifier": {
            "type": "minecraft:linear",
            "base": 0,
            "per_level_above_first": 1
          },
          "max_amplifier": {
            "type": "minecraft:linear",
            "base": 0,
            "per_level_above_first": 1
          }
        },
        "enchanted": "attacker",
        "affected": "victim"
      },
      {
        "requirements": {
          "condition": "minecraft:entity_properties",
          "entity": "attacker",
          "predicate": {
            "flags": {
              "is_sneaking": true
            }
          }
        },
        "effect": {
          "type": "minecraft:apply_mob_effect",
          "to_apply": "minecraft:weakness",
          "min_duration": {
            "type": "minecraft:linear",
            "base": 6.4,
            "per_level_above_first": 6.4
          },
          "max_duration": {
            "type": "minecraft:linear",
            "base": 6.4,
            "per_level_above_first": 6.4
          },
          "min_amplifier": {
            "type": "minecraft:linear",
            "base": 0,
            "per_level_above_first": 1
          },
          "max_amplifier": {
            "type": "minecraft:linear",
            "base": 0,
            "per_level_above_first": 1
          }
        },
        "enchanted": "attacker",
        "affected": "attacker"
      }
    ]
  },
  "exclusive_set": "#rpg_enchantments:exclusive_set/weapon",
  "max_cost": {
    "base": 21,
    "per_level_above_first": 11
  },
  "max_level": 5,
  "min_cost": {
    "base": 1,
    "per_level_above_first": 11
  },
  "primary_items": "#minecraft:swords",
  "slots": [
    "mainhand"
  ],
  "supported_items": "#minecraft:swords",
  "weight": 10
}