{
	"type": "minecraft:crafting_shaped",
	"pattern": ["cEc", "cBc", "cEc"],
	"key": {
		"c": "minecraft:copper_ingot",
		"E": "minecraft:emerald",
		"B": "minecraft:barrel"
	},
	"result": {
		"id": "minecraft:bat_spawn_egg",
		"count": 1,
		"components": {
			"minecraft:rarity": "uncommon",
			"minecraft:max_stack_size": 64,
			"minecraft:entity_data": {
				"id": "minecraft:marker",
				"Tags": ["villager_shop.summon"]
			},
			"minecraft:item_model": "minecraft:villager_spawn_egg",
			"minecraft:item_name": "Villager Shop",
			"minecraft:custom_data": {
				"villager_shop:summon": true
			}
		}
	}
}
