{
	"criteria": {
		"requirements": {
			"trigger": "minecraft:tick",
			"conditions": {
				"player": [
					{
						"condition": "entity_scores",
						"entity": "this",
						"scores": {
							"claims.timer.teleport.cooldown": {
								"min": 1
							}
						}
					},
					{
						"condition": "minecraft:entity_properties",
						"entity": "this",
						"predicate": {
							"movement": {
								"speed": {
									"min": 0.1
								}
							}
						}
					}
				]
			}
		}
	},
	"rewards": {
		"function": "claims:claim/cancel/teleport/move"
	}
}
