{
	"pools": [
		{
			"rolls": 1,
			"entries": [
				{
					"type": "item",
					"weight": 1,
					"name": "minecraft:compass",
					"functions": [
						{
							"function": "set_count",
							"count": 1
						},
						{
							"function": "set_components",
							"components": {
								"minecraft:rarity": "epic",
								"minecraft:custom_data": {
									"ender_compass": true
								},
								"minecraft:max_stack_size": 16,
								"minecraft:enchantment_glint_override": true,
								"minecraft:custom_name": {
									"text": "Ender Compass",
									"italic": false
								},
								"minecraft:lore": [
									{
										"text": "Link to a lodestone and use it to teleport",
										"italic": false,
										"color": "gray"
									}
								]
							}
						}
					]
				}
			]
		}
	]
}
