{
	"pools": [
		{
			"rolls": 1,
			"entries": [
				{
					"type": "minecraft:item",
					"name": "minecraft:music_disc_11",
					"functions": [
						{
							"function": "minecraft:set_components",
							"components": {
								"minecraft:item_model": "minecraft:lectern",
								"minecraft:custom_data": {
									"villager_shop.item.barrel": true,
									"villager_shop.item.barrel.profession": true
								},
								"minecraft:max_stack_size": 1,
								"!minecraft:jukebox_playable": {},
								"minecraft:item_name": "Profession",
								"minecraft:rarity": "uncommon",
								"minecraft:lore": [
									{
										"translate": "villager_shop.item.barrel.profession.librarian",
										"fallback": "Librarian",
										"color": "gray",
										"italic": false
									}
								]
							}
						}
					]
				}
			]
		}
	]
}
