{
  "type": "minecraft:crafting_shaped",
  "category": "equipment",
  "pattern": ["#D#", "SPS", "#E#"],
  "key": {
    "#": "minecraft:gold_block",
    "D": "minecraft:dune_armor_trim_smithing_template",
    "S": "minecraft:skeleton_skull",
    "P": "minecraft:diamond_boots",
    "E": "minecraft:enchanted_golden_apple"
  },
  "result": {
    "id": "minecraft:leather_boots",
    "count": 1,
    "components": {
      "minecraft:dyed_color": 14271576,
      "minecraft:trim": {
        "material": "minecraft:gold",
        "pattern": "minecraft:dune"
      },
      "minecraft:rarity": "epic",
      "minecraft:max_damage": 429,
      "minecraft:attribute_modifiers": [
        {
          "id": "44aa3b07-5db1-40b5-8923-2ba7317ea6df",
          "type": "armor",
          "amount": 2.5,
          "operation": "add_value",
          "slot": "feet"
        },
        {
          "id": "d37067cf-1dd7-40f5-8712-e28b151b81a0",
          "type": "armor_toughness",
          "amount": 1,
          "operation": "add_value",
          "slot": "feet"
        },
        {
          "id": "ed9af9d4-2762-4238-a399-2610c1b64e1a",
          "type": "entity_interaction_range",
          "amount": 0.125,
          "operation": "add_value",
          "slot": "feet"
        },
        {
          "id": "ed9af9d4-2762-4238-a399-2310c1b64e1a",
          "type": "block_interaction_range",
          "amount": 0.25,
          "operation": "add_value",
          "slot": "feet"
        }
      ],
      "minecraft:equippable": {
        "slot": "feet",
        "asset_id": "minecraft:leather",
        "equip_sound": "item.armor.equip_diamond",
        "dispensable": true,
        "swappable": true,
        "damage_on_hurt": true
      },
      "minecraft:tooltip_display": {
          "hidden_components": [
            "minecraft:dyed_color",
            "minecraft:trim"
          ]
      },
      "minecraft:custom_data": {
        "armor_upgrades.dune": true
      },
      "minecraft:custom_name": {
        "text": "Dune Boots",
        "italic": false
      }
    }
  }
}
