{
  "type": "minecraft:crafting_shaped",
  "category": "equipment",
  "pattern": ["#D#", "SPS", "#E#"],
  "key": {
    "#": "minecraft:gold_block",
    "D": "minecraft:dune_armor_trim_smithing_template",
    "S": "minecraft:skeleton_skull",
    "P": "minecraft:diamond_leggings",
    "E": "minecraft:enchanted_golden_apple"
  },
  "result": {
    "id": "minecraft:leather_leggings",
    "count": 1,
    "components": {
      "minecraft:dyed_color": 14271576,
      "minecraft:trim": {
        "material": "minecraft:gold",
        "pattern": "minecraft:dune"
      },
      "minecraft:rarity": "epic",
      "minecraft:max_damage": 495,
      "minecraft:attribute_modifiers": [
        {
          "id": "5ab8a4d9-2374-43f4-8dbd-7f798924f965",
          "type": "armor",
          "amount": 5.5,
          "operation": "add_value",
          "slot": "legs"
        },
        {
          "id": "4d43abbc-e52c-43ec-a1f5-c39c05888193",
          "type": "armor_toughness",
          "amount": 1,
          "operation": "add_value",
          "slot": "legs"
        },
        {
          "id": "f822bd5b-4163-475a-bd28-9bcbdef24760",
          "type": "entity_interaction_range",
          "amount": 0.125,
          "operation": "add_value",
          "slot": "legs"
        },
        {
          "id": "ed1af8d3-2762-4238-a399-2310c1b64e1a",
          "type": "block_interaction_range",
          "amount": 0.25,
          "operation": "add_value",
          "slot": "legs"
        }
      ],
      "minecraft:equippable": {
        "slot": "legs",
        "asset_id": "minecraft:leather",
        "equip_sound": "item.armor.equip_diamond",
        "dispensable": true,
        "swappable": true,
        "damage_on_hurt": true
      },
      "minecraft:tooltip_display": {
          "hidden_components": [
            "minecraft:dyed_color",
            "minecraft:trim"
          ]
      },
      "minecraft:custom_data": {
        "armor_upgrades.dune": true
      },
      "minecraft:custom_name": {
        "text": "Dune Leggings",
        "italic": false
      }
    }
  }
}
