{
	"category": "misc",
	"type": "minecraft:crafting_shapeless",
	"ingredients": [
		"minecraft:ender_pearl",
		"minecraft:writable_book",
		"minecraft:amethyst_shard"
	],
	"result": {
		"id": "minecraft:writable_book",
		"count": 1,
		"components": {
			"minecraft:enchantment_glint_override": true,
			"minecraft:rarity": "epic",
			"minecraft:max_stack_size": 16,
			"minecraft:repairable": {
				"items": "minecraft:ender_pearl"
			},
			"minecraft:custom_data": {
				"teleport_book": true
			},
			"minecraft:custom_name": {
				"translate": "Teleport Book",
				"italic": false
			},
			"minecraft:lore": [
				{
					"translate": "Write a player name to request a teleport to him",
					"color": "gray",
					"italic": false
				}
			]
		}
	}
}
