{
	"pools": [
		{
			"rolls": 1,
			"entries": [
				{
					"type": "item",
					"weight": 1,
					"name": "minecraft:armor_stand",
					"functions": [
						{
							"function": "set_count",
							"count": 1
						},
						{
							"function": "set_components",
							"components": {
								"minecraft:entity_data": {
									"id": "minecraft:armor_stand",
									"Invulnerable": true,
									"ShowArms": true,
									"NoBasePlate": true,
									"Tags": [
										"target_dummy.entity",
										"target_dummy.dummy"
									],
									"Pose": {
										"LeftArm": [0, 0, 270],
										"RightArm": [0, 0, 90]
									},
									"DisabledSlots": 4144959,
									"equipment": {
										"chest": {
											"id": "minecraft:leather_chestplate",
											"count": 1,
											"components": {
												"minecraft:trim": {
													"material": "minecraft:redstone",
													"pattern": "minecraft:eye"
												}
											}
										},
										"head": {
											"id": "minecraft:hay_block",
											"count": 1
										}
									}
								},
								"minecraft:rarity": "common",
								"minecraft:custom_name": {
									"translate": "Dummy",
									"italic": false
								},
								"minecraft:custom_data": {
									"target_dummy.dummy": true
								}
							}
						}
					]
				}
			]
		}
	]
}
