{
    "type": "minecraft:crafting_shapeless",
    "category": "misc",
    "ingredients": [
        "minecraft:ender_pearl",
        "minecraft:potion",
        "minecraft:sunflower"
    ],
    "result": {
        "id": "minecraft:command_block",
        "count": 1,
        "components": {
          "minecraft:item_model": "minecraft:potion",
          "minecraft:rarity": "epic",
          "minecraft:max_stack_size": 16,
          "minecraft:enchantment_glint_override": true,
          "minecraft:consumable": {
            "consume_seconds": 2.5,
            "animation": "drink",
            "sound": "entity.generic.drink",
            "has_consume_particles": false,
            "on_consume_effects": [
              {
                "type": "minecraft:play_sound",
                "sound": "entity.enderman.teleport"
              }
            ]
          },
          "minecraft:custom_data": {
            "recall_potion": true
          },
          "minecraft:custom_name": {
            "text": "Recall Potion",
            "italic": false
          },
          "minecraft:lore": [
            {
              "text": "Drink to teleport to your respawn point",
              "italic": false,
              "color": "gray"
            }
          ]
        }
    }
}