{
  "pools": [
    {
      "rolls": 1,
      "entries": [
        {
          "type": "item",
          "weight": 1,
          "name": "minecraft:command_block",
          "functions": [
            {
              "function": "set_count",
              "count": 1
            },
            {
              "function": "set_components",
              "components": {
                "minecraft:rarity": "epic",
                "minecraft:max_stack_size": 16,
                "minecraft:enchantment_glint_override": true,
                "minecraft:item_model": "minecraft:paper",
                "minecraft:custom_name": {
                  "text": "Enchantment Extractor",
                  "italic": false
                },
                "minecraft:lore": [
                  {
                    "text": "Extracts enchantments from items in the smithing table",
                    "italic": false,
                    "color":"gray"
                  }
                ]
              }
            }
          ]
        }
      ]
    }
  ]
}