{
	"anvil_cost": 8,
	"description": {
		"translate": "automatic_enchantment.automatic.description",
		"fallback": "Automatic"
	},
	"max_cost": {
		"base": 50,
		"per_level_above_first": 0
	},
	"max_level": 1,
	"min_cost": {
		"base": 20,
		"per_level_above_first": 0
	},
	"slots": ["mainhand"],
	"primary_items": "#minecraft:enchantable/crossbow",
	"supported_items": "#minecraft:enchantable/crossbow",
	"weight": 1,
	"effects": {
		"minecraft:projectile_spawned": [
			{
				"effect": {
					"type": "minecraft:run_function",
					"function": "automatic_enchantment:automatic"
				}
			}
		]
	}
}
