{
    "type": "minecraft:crafting_shaped",
    "pattern": [
        "#TP",
        "CDC",
        "PE#"
    ],
    "key": {
        "#": "minecraft:prismarine_shard",
        "T": "minecraft:tide_armor_trim_smithing_template",
        "P": "minecraft:prismarine_crystals",
        "C": "minecraft:conduit",
        "D": "minecraft:diamond_helmet",
        "E": "minecraft:enchanted_golden_apple"
    },
    "result": {
        "id": "minecraft:leather_helmet",
        "count": 1,
        "components": {
          "minecraft:dyed_color": 4292970,
          "minecraft:trim": {
            "material": "minecraft:emerald",
            "pattern": "minecraft:tide"
          },
          "minecraft:rarity": "epic",
          "minecraft:max_damage": 363,
          "minecraft:attribute_modifiers": [
            {
              "id": "c4800d88-a0b6-452f-9a2d-5e02741258a1",
              "type": "armor",
              "amount": 2.5,
              "operation": "add_value",
              "slot": "head"
            },
            {
              "id": "70e320d7-4d70-4da6-a3c6-fe8604b64609",
              "type": "armor_toughness",
              "amount": 1,
              "operation": "add_value",
              "slot": "head"
            },
            {
              "id": "78f9180c-5424-424c-b5e6-33f61fdbe865",
              "type": "max_health",
              "amount": 1.5,
              "operation": "add_value",
              "slot": "head"
            },
            {
              "id": "ed1af8d3-2102-4238-a399-2611c1b24e1a",
              "type": "water_movement_efficiency",
              "amount": 0.25,
              "operation": "add_value",
              "slot": "head"
            },
            {
              "id": "8b419236-c821-496a-a33f-a53bcf6ffdaf",
              "type": "oxygen_bonus",
              "amount": 10,
              "operation": "add_value",
              "slot": "head"
            },
            {
              "id": "d14b9629-3b8c-45b2-be1e-e7360d5646fa",
              "type": "submerged_mining_speed",
              "amount": 1,
              "operation": "add_value",
              "slot": "head"
            }
          ],
          "minecraft:equippable": {
            "slot": "head",
            "asset_id": "minecraft:leather",
            "equip_sound": "item.armor.equip_diamond",
            "dispensable": true,
            "swappable": true,
            "damage_on_hurt": true
          },
          "minecraft:tooltip_display": {
              "hidden_components": [
                "minecraft:dyed_color",
                "minecraft:trim"
              ]
          },
          "minecraft:custom_data": {
            "armor_upgrades.prismarine": true
          },
          "minecraft:custom_name": {
            "text": "Prismarine Helmet",
            "italic": false
          }
        }
    }
}