{
  "pools": [
    {
      "rolls": 1,
      "entries": [
        {
          "type": "minecraft:item",
          "name": "minecraft:player_head",
          "functions": [
            {
              "function": "minecraft:set_components",
              "components": {
                "minecraft:custom_data": {
                  "utils:item": "player_head"
                }
              }
            },
            {
              "function": "minecraft:fill_player_head",
              "entity": "this"
            }
          ]
        }
      ]
    }
  ]
}