{
	"type": "minecraft:entity",
	"pools": [
		{
			"rolls": 1,
			"entries": [
				{
					"type": "minecraft:item",
					"name": "minecraft:netherite_scrap"
				}
			],
			"functions": [
				{
					"function": "minecraft:set_count",
					"count": {
						"min": 0,
						"max": 1
					},
					"conditions": [
						{
							"condition": "minecraft:random_chance_with_enchanted_bonus",
							"unenchanted_chance": 0.5,
							"enchanted_chance": {
								"type": "minecraft:linear",
								"base": 0.5625,
								"per_level_above_first": 0.0625
							},
							"enchantment": "minecraft:looting"
						}
					]
				}
			]
		}
	],
	"random_sequence": "minecraft:entities/piglin_brute"
}
