{
  "pools": [
    {
      "rolls": 1,
      "entries": [
        {
          "type": "item",
          "weight": 1,
          "name": "minecraft:enchanted_book",
          "functions": [
            {
              "function": "set_count",
              "count": 1
            },
            {
              "function": "set_components",
              "components": {
                "minecraft:rarity": "epic",
                "minecraft:max_stack_size": 64,
                "minecraft:enchantment_glint_override": true,
                "minecraft:custom_name": "{\"text\": \"Too Expensive Extractor\",\"italic\": false}",
                "minecraft:lore": ["{\"text\": \"Remove Too Expensive from items in the smithing table\",\"italic\": false,\"color\":\"gray\"}"]
              }
            }
          ]
        }
      ]
    }
  ]
}