{
	"pools": [
		{
			"rolls": 1,
			"entries": [
				{
					"type": "item",
					"weight": 1,
					"name": "minecraft:armor_stand",
					"functions": [
						{
							"function": "set_count",
							"count": 1
						},
						{
							"function": "set_components",
							"components": {
								"minecraft:entity_data": {
									"id": "minecraft:armor_stand",
									"NoGravity": true,
									"Silent": true,
									"Invulnerable": true,
									"HasVisualFire": false,
									"Small": true,
									"Invisible": true,
									"NoBasePlate": true,
									"Tags": ["portals.portal"]
								},
								"minecraft:item_model": "minecraft:ender_eye",
								"minecraft:rarity": "epic",
								"minecraft:custom_data": {
									"portals.item.portal_orb": true
								},
								"minecraft:enchantment_glint_override": true,
								"minecraft:max_stack_size": 16,
								"minecraft:custom_name": "{\"translate\": \"portals.item.portal_orb.name\",\"fallback\": \"Portal Orb\",\"italic\": false}",
								"minecraft:lore": [
									"{\"translate\": \"portals.item.portal_orb.lore\",\"fallback\": \"Place to open a portal\",\"color\": \"gray\",\"italic\": false}"
								]
							}
						}
					]
				}
			]
		}
	]
}
