{
    "type": "minecraft:crafting_shaped",
    "category": "misc",
    "pattern": [
        "#L#",
        " E ",
        " _ "
    ],
    "key": {
        "#": "minecraft:amethyst_shard",
        "L": "minecraft:lodestone",
        "E": "minecraft:ender_pearl",
        "_": "minecraft:polished_andesite_slab"
    },
    "result": {
        "id": "minecraft:armor_stand",
        "count": 1,
        "components": {
          "minecraft:rarity": "epic",
          "minecraft:max_stack_size": 64,
          "minecraft:item_model": "minecraft:player_head",
          "minecraft:profile": {
            "properties": [
              {
                "name": "textures",
                "value": "eyJ0ZXh0dXJlcyI6eyJTS0lOIjp7InVybCI6Imh0dHA6Ly90ZXh0dXJlcy5taW5lY3JhZnQubmV0L3RleHR1cmUvZjJjNjE3ODM1OTBiNmU2ODQ3MzAwNWIzMmVjMGEwOGJjM2I5NWQ2NDkwMzZiMzU4YWZlNzdhZDhhZjg4NDgwMCJ9fX0="
              }
            ]
          },
          "minecraft:custom_name": {
            "text": "Warpstone",
            "italic": false
          },
          "minecraft:custom_data": {
            "warpstones.warpstone": true
          },
          "minecraft:entity_data": {
            "id": "minecraft:armor_stand",
            "NoGravity": true,
            "Silent": true,
            "Invulnerable": true,
            "HasVisualFire": false,
            "Small": true,
            "Marker": true,
            "Invisible": true,
            "Tags": [
              "warpstones.armor_stand.place"
            ],
            "DisabledSlots": 4144959
          },
          "minecraft:enchantment_glint_override": true
        }
    }
}