{
  "pools": [
    {
      "rolls": 1,
      "entries": [
        {
          "type": "item",
          "weight": 1,
          "name": "minecraft:music_disc_11",
          "functions": [
            {
              "function": "set_count",
              "count": 1
            },
            {
              "function": "set_components",
              "components": {
                "minecraft:rarity": "rare",
                "!minecraft:jukebox_playable": {},
                "minecraft:item_model": "minecraft:player_head",
                "minecraft:max_stack_size": 16,
                "minecraft:profile": {
                  "properties": [
                    {
                      "name": "textures",
                      "value": "eyJ0ZXh0dXJlcyI6eyJTS0lOIjp7InVybCI6Imh0dHA6Ly90ZXh0dXJlcy5taW5lY3JhZnQubmV0L3RleHR1cmUvMjEzOTYwMzIzZGZkMzFiNGY2MzM5ZWEwNThlMDVjMzBmYjk2Yzc1NzA0NzU5OGYxMzVlNTQ1MGZhNWQ3ZWY2MiJ9fX0="
                    }
                  ]
                },
                "minecraft:item_name": "{\"translate\":\"fishing_expansion.item.fish.anglerfish.name\",\"fallback\":\"Anglerfish\"}",
                "minecraft:lore": [
                  "{\"translate\":\"fishing_expansion.item.fish.anglerfish.lore\",\"fallback\":\"Night Vision (00:32)\",\"color\":\"blue\",\"italic\":false}"
                ],
                "minecraft:consumable": {
                  "consume_seconds": 2,
                  "animation": "eat",
                  "sound": "minecraft:entity.generic.eat",
                  "has_consume_particles": true,
                  "on_consume_effects": [
                    {
                      "type": "minecraft:play_sound",
                      "sound": "minecraft:entity.generic.eat"
                    },
                    {
                      "type": "minecraft:apply_effects",
                      "effects": [
                        {
                          "id": "minecraft:night_vision",
                          "amplifier": 0,
                          "duration": 640,
                          "ambient": false,
                          "show_particles": false,
                          "show_icon": true
                        }
                      ]
                    }
                  ]
                }
              }
            }
          ]
        }
      ]
    }
  ]
}