{
    "type": "minecraft:crafting_shaped",
    "pattern": [
        "#L#",
        "LCL",
        "LLL"
    ],
    "key": {
        "#": "minecraft:string",
        "L": "minecraft:leather",
        "C": "minecraft:chest"
    },
    "result": {
        "id": "minecraft:command_block",
        "count": 1,
        "components": {
                "minecraft:rarity": "common",
                "minecraft:item_model": "minecraft:player_head",
                "minecraft:custom_data": {
                  "backpacks.backpack": true,
                  "backpacks.backpack.open": false,
                  "backpacks.backpack.storage": [
                    {
                      "Slot": 9,
                      "count": 0,
                      "id": "minecraft:air"
                    },
                    {
                      "Slot": 10,
                      "count": 0,
                      "id": "minecraft:air"
                    },
                    {
                      "Slot": 11,
                      "count": 0,
                      "id": "minecraft:air"
                    },
                    {
                      "Slot": 12,
                      "count": 0,
                      "id": "minecraft:air"
                    },
                    {
                      "Slot": 13,
                      "count": 0,
                      "id": "minecraft:air"
                    },
                    {
                      "Slot": 14,
                      "count": 0,
                      "id": "minecraft:air"
                    },
                    {
                      "Slot": 15,
                      "count": 0,
                      "id": "minecraft:air"
                    },
                    {
                      "Slot": 16,
                      "count": 0,
                      "id": "minecraft:air"
                    },
                    {
                      "Slot": 17,
                      "count": 0,
                      "id": "minecraft:air"
                    }
                  ],
                  "backpacks.backpack.inventory": [
                    {
                      "Slot": 9,
                      "count": 0,
                      "id": "minecraft:air"
                    },
                    {
                      "Slot": 10,
                      "count": 0,
                      "id": "minecraft:air"
                    },
                    {
                      "Slot": 11,
                      "count": 0,
                      "id": "minecraft:air"
                    },
                    {
                      "Slot": 12,
                      "count": 0,
                      "id": "minecraft:air"
                    },
                    {
                      "Slot": 13,
                      "count": 0,
                      "id": "minecraft:air"
                    },
                    {
                      "Slot": 14,
                      "count": 0,
                      "id": "minecraft:air"
                    },
                    {
                      "Slot": 15,
                      "count": 0,
                      "id": "minecraft:air"
                    },
                    {
                      "Slot": 16,
                      "count": 0,
                      "id": "minecraft:air"
                    },
                    {
                      "Slot": 17,
                      "count": 0,
                      "id": "minecraft:air"
                    }
                  ]
                },
                "minecraft:custom_name": "{\"text\": \"Backpack\",\"italic\": false}",
                "minecraft:lore": ["{\"text\": \"Closed\",\"color\": \"gray\",\"italic\": false}"],
                "minecraft:profile": {
                  "id": [
                    -1378723443,
                    16860374,
                    -1385993333,
                    -1763905967
                  ],
                  "properties": [
                    {
                      "name": "textures",
                      "value": "eyJ0ZXh0dXJlcyI6eyJTS0lOIjp7InVybCI6Imh0dHA6Ly90ZXh0dXJlcy5taW5lY3JhZnQubmV0L3RleHR1cmUvODM1MWU1MDU5ODk4MzhlMjcyODdlN2FmYmM3Zjk3ZTc5NmNhYjVmMzU5OGE3NjE2MGMxMzFjOTQwZDBjNSJ9fX0="
                    }
                  ]
                },
                "minecraft:consumable": {
                  "consume_seconds": 999999,
                  "animation": "none",
                  "has_consume_particles": false
                },
                "minecraft:max_stack_size": 1
              }
    }
}