{
  "pools": [
    {
      "rolls": 1,
      "entries": [
        {
          "type": "loot_table",
          "weight": 1,
          "value": "armor_upgrades:sculk/helmet",
          "functions": [
            {
              "function": "set_count",
              "count": 1
            }
          ]
        }
      ]
    },
		{
      "rolls": 1,
      "entries": [
        {
          "type": "loot_table",
          "weight": 1,
          "value": "armor_upgrades:sculk/chestplate",
          "functions": [
            {
              "function": "set_count",
              "count": 1
            }
          ]
        }
      ]
    },
		{
      "rolls": 1,
      "entries": [
        {
          "type": "loot_table",
          "weight": 1,
          "value": "armor_upgrades:sculk/leggings",
          "functions": [
            {
              "function": "set_count",
              "count": 1
            }
          ]
        }
      ]
    },
		{
      "rolls": 1,
      "entries": [
        {
          "type": "loot_table",
          "weight": 1,
          "value": "armor_upgrades:sculk/boots",
          "functions": [
            {
              "function": "set_count",
              "count": 1
            }
          ]
        }
      ]
    }
  ]
}
