{
    "criteria": {
        "requirement": {
            "trigger": "tick",
            "conditions": {
                "player": [
                    {
                        "condition": "entity_scores",
                        "entity": "this",
                        "scores": {
                            "graves.nearest_grave": 1
                        }
                    }
                ]
            }
        }
    },
    "rewards": {
        "function": "graves:player/trigger/nearest_grave"
    }
}