{
  "pools": [
    {
      "rolls": 1,
      "entries": [
        {
          "type": "item",
          "weight": 1,
          "name": "minecraft:command_block",
          "functions": [
            {
              "function": "set_count",
              "count": 1
            },
            {
              "function": "set_components",
              "components": {
                "minecraft:item_model": "minecraft:potion",
                "minecraft:rarity": "epic",
                "minecraft:max_stack_size": 16,
                "minecraft:enchantment_glint_override": true,
                "minecraft:consumable": {
                  "consume_seconds": 2.5,
                  "animation": "drink",
                  "sound": "entity.generic.drink",
                  "has_consume_particles": false,
                  "on_consume_effects": [
                    {
                      "type": "minecraft:play_sound",
                      "sound": "entity.enderman.teleport"
                    }
                  ]
                },
                "minecraft:potion_contents": {
                  "custom_color": 2090001
                },
                "minecraft:tooltip_display": {
                  "hidden_components": [
                    "minecraft:potion_contents"
                  ]
                },
                "minecraft:custom_data": {
                  "dimensional_potions.overworld": true
                },
                "minecraft:custom_name": {
                  "text": "Overworld Potion",
                  "italic": false
                },
                "minecraft:lore": [
                  {
                    "text": "Drink to teleport to the Overworld",
                    "italic": false,
                    "color": "gray"
                  }
                ]
              }
            }
          ]
        }
      ]
    }
  ]
}
