{
  "description": "Burnless",
  "supported_items": "#minecraft:enchantable/armor",
  "primary_items": "#minecraft:enchantable/armor",
  "weight": 2,
  "max_level": 1,
  "max_cost": {
    "base": 50,
    "per_level_above_first": 0
  },
  "min_cost": {
    "base": 20,
    "per_level_above_first": 0
  },
  "anvil_cost": 0,
  "slots": [
    "armor"
  ],
  "effects": {
    "minecraft:attributes": [
      {
        "attribute": "minecraft:burning_time",
        "id": "burnless_enchantment.enchantment.burnless.burning_time",
        "amount": -0.25,
        "operation": "add_value"
      }
    ]
  }
}