{
    "type": "minecraft:crafting_shaped",
    "pattern": [
        "#TP",
        "CDC",
        "PE#"
    ],
    "key": {
        "#": "minecraft:prismarine_shard",
        "T": "minecraft:tide_armor_trim_smithing_template",
        "P": "minecraft:prismarine_crystals",
        "C": "minecraft:conduit",
        "D": "minecraft:diamond_leggings",
        "E": "minecraft:enchanted_golden_apple"
    },
    "result": {
        "id": "minecraft:leather_leggings",
        "count": 1,
        "components": {
          "minecraft:dyed_color": 4292970,
          "minecraft:trim": {
            "material": "minecraft:emerald",
            "pattern": "minecraft:tide"
          },
          "minecraft:rarity": "epic",
          "minecraft:max_damage": 495,
          "minecraft:attribute_modifiers": [
            {
              "id": "5ab8a4d9-2374-43f4-8dbd-7f798924f965",
              "type": "armor",
              "amount": 5.5,
              "operation": "add_value",
              "slot": "legs"
            },
            {
              "id": "4d43abbc-e52c-43ec-a1f5-c39c05888193",
              "type": "armor_toughness",
              "amount": 1,
              "operation": "add_value",
              "slot": "legs"
            },
            {
              "id": "f822bd5b-4163-475a-bd28-9bcbdef24760",
              "type": "max_health",
              "amount": 1.5,
              "operation": "add_value",
              "slot": "legs"
            },
            {
              "id": "ed1af8d4-2722-4238-a399-2611c1b26e0a",
              "type": "water_movement_efficiency",
              "amount": 0.25,
              "operation": "add_value",
              "slot": "legs"
            },
            {
              "id": "4260950d-85c6-470c-80ff-0c49c5ef1a85",
              "type": "oxygen_bonus",
              "amount": 10,
              "operation": "add_value",
              "slot": "legs"
            },
            {
              "id": "1a9dfc30-4bd0-459d-a44a-43f73f4e2fc5",
              "type": "submerged_mining_speed",
              "amount": 1,
              "operation": "add_value",
              "slot": "legs"
            }
          ],
          "minecraft:equippable": {
            "slot": "legs",
            "asset_id": "minecraft:leather",
            "equip_sound": "item.armor.equip_diamond",
            "dispensable": true,
            "swappable": true,
            "damage_on_hurt": true
          },
          "minecraft:tooltip_display": {
              "hidden_components": [
                "minecraft:dyed_color",
                "minecraft:trim"
              ]
          },
          "minecraft:custom_data": {
            "armor_upgrades.prismarine": true
          },
          "minecraft:custom_name": {
            "text": "Prismarine Leggings",
            "italic": false
          }
        }
    }
}