{
  "condition": "minecraft:entity_properties",
  "entity": "this",
  "predicate": {
    "equipment": {
      "head": {
        "components": {
          "minecraft:custom_data": {
            "armor_upgrades.dune": true
          }
        }
      },
      "chest": {
        "components": {
          "minecraft:custom_data": {
            "armor_upgrades.dune": true
          }
        }
      },
      "legs": {
        "components": {
          "minecraft:custom_data": {
            "armor_upgrades.dune": true
          }
        }
      },
      "feet": {
        "components": {
          "minecraft:custom_data": {
            "armor_upgrades.dune": true
          }
        }
      }
    }
  }
}