{
    "type": "minecraft:crafting_shaped",
    "category": "equipment",
    "pattern": [
        "#S#",
        "CDC",
        "#U#"
    ],
    "key": {
        "#": "minecraft:shulker_shell",
        "S": "minecraft:spire_armor_trim_smithing_template",
        "C": "minecraft:chorus_fruit",
        "D": "minecraft:diamond_leggings",
        "U": "minecraft:dragon_head"
    },
    "result": {
        "id": "minecraft:leather_leggings",
        "count": 1,
        "components": {
          "minecraft:dyed_color": 4788308,
          "minecraft:trim": {
            "material": "minecraft:amethyst",
            "pattern": "minecraft:eye"
          },
          "minecraft:rarity": "epic",
          "minecraft:max_damage": 495,
          "minecraft:attribute_modifiers": [
            {
              "id": "5ab8a4d9-2374-43f4-8dbd-7f798924f965",
              "type": "armor",
              "amount": 5.5,
              "operation": "add_value",
              "slot": "legs"
            },
            {
              "id": "4d43abbc-e52c-43ec-a1f5-c39c05888193",
              "type": "armor_toughness",
              "amount": 1,
              "operation": "add_value",
              "slot": "legs"
            },
            {
              "id": "f822bd5b-4163-475a-bd28-9bcbdef24760",
              "type": "movement_speed",
              "amount": 0.01,
              "operation": "add_value",
              "slot": "legs"
            }
          ],
          "minecraft:equippable": {
            "slot": "legs",
            "asset_id": "minecraft:leather",
            "equip_sound": "item.armor.equip_diamond",
            "dispensable": true,
            "swappable": true,
            "damage_on_hurt": true
          },
          "minecraft:tooltip_display": {
              "hidden_components": [
                "minecraft:dyed_color",
                "minecraft:trim"
              ]
          },
          "minecraft:custom_data": {
            "armor_upgrades.ender": true
          },
          "minecraft:custom_name": {
            "text": "Ender Leggings",
            "italic": false
          }
        }
    }
}