{
    "type": "minecraft:crafting_shaped",
    "category": "equipment",
    "pattern": [
        "QRQ",
        "BDB",
        "QMQ"
    ],
    "key": {
        "B": "minecraft:blaze_rod",
        "R": "minecraft:rib_armor_trim_smithing_template",
        "Q": "minecraft:resin_brick",
        "D": "minecraft:diamond_boots",
        "M": "minecraft:music_disc_pigstep"
    },
    "result": {
        "id": "minecraft:leather_boots",
        "count": 1,
        "components": {
          "minecraft:dyed_color": 8394262,
          "minecraft:trim": {
            "material": "minecraft:resin",
            "pattern": "minecraft:rib"
          },
          "minecraft:rarity": "epic",
          "minecraft:max_damage": 429,
          "minecraft:attribute_modifiers": [
            {
              "id": "44aa3b07-5db1-40b5-8923-2ba7317ea6df",
              "type": "armor",
              "amount": 2.5,
              "operation": "add_value",
              "slot": "feet"
            },
            {
              "id": "d37067cf-1dd7-40f5-8712-e28b151b81a0",
              "type": "armor_toughness",
              "amount": 1,
              "operation": "add_value",
              "slot": "feet"
            },
            {
              "id": "ed9af9d4-2762-4238-a399-2610c1b64e1a",
              "type": "burning_time",
              "amount": -1,
              "operation": "add_value",
              "slot": "feet"
            },
            {
              "id": "ed9af9d4-2722-4238-a399-2611c1b64e1a",
              "type": "attack_speed",
              "amount": 0.1,
              "operation": "add_value",
              "slot": "feet"
            }
          ],
          "minecraft:equippable": {
            "slot": "feet",
            "asset_id": "minecraft:leather",
            "equip_sound": "item.armor.equip_diamond",
            "dispensable": true,
            "swappable": true,
            "damage_on_hurt": true
          },
          "minecraft:tooltip_display": {
              "hidden_components": [
                "minecraft:dyed_color",
                "minecraft:trim"
              ]
          },
          "minecraft:custom_data": {
            "armor_upgrades.fire": true
          },
          "minecraft:custom_name": {
            "text": "Fire Boots",
            "italic": false
          }
        }
    }
}