{
    "pools": [
      {
        "rolls": 1,
        "entries": [
          {
            "type": "item",
            "weight": 1,
            "name": "minecraft:armor_stand",
            "functions": [
              {
                "function": "set_count",
                "count": 1
              },
              {
                "function": "set_components",
                "components": {
                  "minecraft:rarity": "epic",
                  "minecraft:max_stack_size": 64,
                  "minecraft:enchantment_glint_override": true,
                  "minecraft:entity_data": {
                    "id": "minecraft:armor_stand",
                    "NoGravity": true,
                    "Silent": true,
                    "Invulnerable": true,
                    "HasVisualFire": false,
                    "Small": true,
                    "Invisible": true,
                    "Tags": [
                      "my_zombie_pet.armor_stand"
                    ],
                    "DisabledSlots": 4144959
                  },
                  "minecraft:item_model": "minecraft:zombie_spawn_egg",
                  "minecraft:custom_name": {
                    "text": "Zombie Pet Egg",
                    "italic": false
                  }
                }
              }
            ]
          }
        ]
      }
    ]
  }