{
    "type": "minecraft:crafting_shaped",
    "category": "equipment",
    "pattern": [
        "QRQ",
        "BDB",
        "QMQ"
    ],
    "key": {
        "B": "minecraft:blaze_rod",
        "R": "minecraft:rib_armor_trim_smithing_template",
        "Q": "minecraft:resin_brick",
        "D": "minecraft:diamond_leggings",
        "M": "minecraft:music_disc_pigstep"
    },
    "result": {
        "id": "minecraft:leather_leggings",
        "count": 1,
        "components": {
          "minecraft:dyed_color": 8394262,
          "minecraft:trim": {
            "material": "minecraft:resin",
            "pattern": "minecraft:snout"
          },
          "minecraft:rarity": "epic",
          "minecraft:max_damage": 495,
          "minecraft:attribute_modifiers": [
            {
              "id": "5ab8a4d9-2374-43f4-8dbd-7f798924f965",
              "type": "armor",
              "amount": 5.5,
              "operation": "add_value",
              "slot": "legs"
            },
            {
              "id": "4d43abbc-e52c-43ec-a1f5-c39c05888193",
              "type": "armor_toughness",
              "amount": 1,
              "operation": "add_value",
              "slot": "legs"
            },
            {
              "id": "f822bd5b-4163-475a-bd28-9bcbdef24760",
              "type": "burning_time",
              "amount": -1,
              "operation": "add_value",
              "slot": "legs"
            },
            {
              "id": "ed1af8d4-2722-4238-a399-2611c1b26e0a",
              "type": "attack_speed",
              "amount": 0.1,
              "operation": "add_value",
              "slot": "legs"
            }
          ],
          "minecraft:equippable": {
            "slot": "legs",
            "asset_id": "minecraft:leather",
            "equip_sound": "item.armor.equip_diamond",
            "dispensable": true,
            "swappable": true,
            "damage_on_hurt": true
          },
          "minecraft:tooltip_display": {
              "hidden_components": [
                "minecraft:dyed_color",
                "minecraft:trim"
              ]
          },
          "minecraft:custom_data": {
            "armor_upgrades.fire": true
          },
          "minecraft:custom_name": {
            "text": "Fire Leggings",
            "italic": false
          }
        }
    }
}