{
	"pools": [
		{
			"rolls": 1,
			"entries": [
				{
					"type": "minecraft:item",
					"name": "minecraft:music_disc_11",
					"functions": [
						{
							"function": "minecraft:set_components",
							"components": {
								"minecraft:item_model": "minecraft:black_stained_glass_pane",
								"minecraft:tooltip_display": {
									"hide_tooltip": true
								},
								"minecraft:custom_data": {
									"villager_shop.item.barrel": true,
									"villager_shop.item.barrel.pane": true
								},
								"minecraft:max_stack_size": 1,
								"!minecraft:jukebox_playable": {}
							}
						}
					]
				}
			]
		}
	]
}
