{
    "type": "minecraft:crafting_shaped",
    "pattern": [
        "#R#",
        "/S/",
        "#M#"
    ],
    "key": {
        "#": "minecraft:resin_brick",
        "R": "minecraft:rib_armor_trim_smithing_template",
        "/": "minecraft:blaze_rod",
        "S": "minecraft:shield",
        "M": "minecraft:music_disc_pigstep"
    },
    "result": {
        "id": "minecraft:shield",
        "count": 1,
        "components": {
                "minecraft:rarity": "epic",
                "minecraft:max_damage": 672,
                "minecraft:custom_data": {
                  "shield_upgrades.fire": true
                },
                "minecraft:custom_name": {
                  "text": "Fire Shield",
                  "italic": false
                },
                "minecraft:tooltip_display": {
                  "hidden_components": [
                    "minecraft:base_color",
                    "minecraft:banner_patterns"
                  ]
                },
                "minecraft:base_color": "black",
                "minecraft:banner_patterns": [{"pattern":"small_stripes","color":"orange"},{"pattern":"curly_border","color":"black"},{"pattern":"triangle_top","color":"black"},{"pattern":"circle","color":"yellow"},{"pattern":"gradient_up","color":"red"}],
                "minecraft:attribute_modifiers": [
                  {
                    "type": "minecraft:attack_speed",
                    "id": "attribute.shield_upgrades.fire.attack_speed",
                    "amount": 0.2,
                    "operation": "add_value",
                    "slot": "offhand"
                  },
                  {
                    "type": "minecraft:burning_time",
                    "id": "attribute.shield_upgrades.fire.burning_time",
                    "amount": -2,
                    "operation": "add_value",
                    "slot": "offhand"
                  }
                ]
              }
    }
}