{
	"pools": [
		{
			"rolls": 1,
			"entries": [
				{
					"type": "item",
					"weight": 1,
					"name": "minecraft:writable_book",
					"functions": [
						{
							"function": "set_count",
							"count": 1
						},
						{
							"function": "set_components",
							"components": {
								"minecraft:enchantment_glint_override": true,
								"minecraft:rarity": "epic",
								"minecraft:max_stack_size": 16,
								"minecraft:custom_data": {
									"teleport_book": true
								},
								"minecraft:custom_name": {
									"translate": "Teleport Book",
									"italic": false
								},
								"minecraft:lore": [
									{
										"translate": "Write a player name to request a teleport to him",
										"color": "gray",
										"italic": false
									}
								]
							}
						}
					]
				}
			]
		}
	]
}
