{
  "type": "minecraft:crafting_shaped",
  "category": "equipment",
  "pattern": ["#D#", "SPS", "#E#"],
  "key": {
    "#": "minecraft:gold_block",
    "D": "minecraft:dune_armor_trim_smithing_template",
    "S": "minecraft:skeleton_skull",
    "P": "minecraft:diamond_chestplate",
    "E": "minecraft:enchanted_golden_apple"
  },
  "result": {
    "id": "minecraft:leather_chestplate",
    "count": 1,
    "components": {
      "minecraft:dyed_color": 14271576,
      "minecraft:trim": {
        "material": "minecraft:gold",
        "pattern": "minecraft:dune"
      },
      "minecraft:rarity": "epic",
      "minecraft:max_damage": 598,
      "minecraft:attribute_modifiers": [
        {
          "id": "b35bba76-c513-4673-8598-8faf4f3c5bb6",
          "type": "armor",
          "amount": 7,
          "operation": "add_value",
          "slot": "chest"
        },
        {
          "id": "7b4f1880-8e5e-4c37-a838-a2c4dd0e72b8",
          "type": "armor_toughness",
          "amount": 1,
          "operation": "add_value",
          "slot": "chest"
        },
        {
          "id": "2bb47fd0-62e1-493c-8af5-681fe2ec8987",
          "type": "entity_interaction_range",
          "amount": 0.125,
          "operation": "add_value",
          "slot": "chest"
        },
        {
          "id": "ed9af9d4-2762-4238-a399-2310c1b13e1a",
          "type": "block_interaction_range",
          "amount": 0.25,
          "operation": "add_value",
          "slot": "chest"
        }
      ],
      "minecraft:equippable": {
        "slot": "chest",
        "asset_id": "minecraft:leather",
        "equip_sound": "item.armor.equip_diamond",
        "dispensable": true,
        "swappable": true,
        "damage_on_hurt": true
      },
      "minecraft:tooltip_display": {
          "hidden_components": [
            "minecraft:dyed_color",
            "minecraft:trim"
          ]
      },
      "minecraft:custom_data": {
        "armor_upgrades.dune": true
      },
      "minecraft:custom_name": {
        "text": "Dune Chestplate",
        "italic": false
      }
    }
  }
}
