{
	"pools": [
		{
			"rolls": 1,
			"entries": [
				{
					"type": "item",
					"weight": 1,
					"name": "minecraft:bat_spawn_egg",
					"functions": [
						{
							"function": "set_count",
							"count": 1
						},
						{
							"function": "set_components",
							"components": {
								"minecraft:rarity": "uncommon",
								"minecraft:max_stack_size": 64,
								"minecraft:entity_data": {
									"id": "minecraft:marker",
									"Tags": ["villager_shop.summon"]
								},
								"minecraft:item_model": "minecraft:villager_spawn_egg",
								"minecraft:item_name": "Villager Shop",
								"minecraft:custom_data": {
									"villager_shop:summon": true
								}
							}
						}
					]
				}
			]
		}
	]
}
