{
  "anvil_cost": 4,
  "description": "Leaping",
  "supported_items": "#minecraft:enchantable/foot_armor",
  "primary_items": "#minecraft:enchantable/foot_armor",
  "effects": {
    "minecraft:attributes": [
      {
        "amount": {
          "type": "minecraft:linear",
          "base": 0.1,
          "per_level_above_first": 0.05
        },
        "attribute": "minecraft:generic.jump_strength",
        "id": "leaping_enchantment:enchantment.jump_strength",
        "operation": "add_value"
      }
    ]
  },
  "max_cost": {
    "base": 40,
    "per_level_above_first": 11
  },
  "max_level": 3,
  "min_cost": {
    "base": 10,
    "per_level_above_first": 11
  },
  "slots": [
    "feet"
  ],
  "weight": 5
}