{
  "anvil_cost": 4,
  "description": "Health",
  "effects": {
    "minecraft:attributes": [
      {
        "amount": {
          "type": "minecraft:linear",
          "base": 1,
          "per_level_above_first": 1
        },
        "attribute": "minecraft:generic.max_health",
        "id": "health_enchantment:enchantment.health",
        "operation": "add_value"
      }
    ]
  },
  "max_cost": {
    "base": 40,
    "per_level_above_first": 10
  },
  "max_level": 5,
  "min_cost": {
    "base": 10,
    "per_level_above_first": 10
  },
  "slots": [
    "armor"
  ],
  "supported_items": "#minecraft:enchantable/armor",
  "weight": 5
}