{
    "type": "minecraft:crafting_shaped",
    "pattern": [
        "#TP",
        "CDC",
        "PE#"
    ],
    "key": {
        "#": "minecraft:prismarine_shard",
        "T": "minecraft:tide_armor_trim_smithing_template",
        "P": "minecraft:prismarine_crystals",
        "C": "minecraft:conduit",
        "D": "minecraft:diamond_chestplate",
        "E": "minecraft:enchanted_golden_apple"
    },
    "result": {
        "id": "minecraft:leather_chestplate",
        "count": 1,
        "components": {
          "minecraft:dyed_color": 4292970,
          "minecraft:trim": {
            "material": "minecraft:emerald",
            "pattern": "minecraft:tide"
          },
          "minecraft:rarity": "epic",
          "minecraft:max_damage": 598,
          "minecraft:attribute_modifiers": [
            {
              "id": "b35bba76-c513-4673-8598-8faf4f3c5bb6",
              "type": "armor",
              "amount": 7,
              "operation": "add_value",
              "slot": "chest"
            },
            {
              "id": "7b4f1880-8e5e-4c37-a838-a2c4dd0e72b8",
              "type": "armor_toughness",
              "amount": 1,
              "operation": "add_value",
              "slot": "chest"
            },
            {
              "id": "2bb47fd0-62e1-493c-8af5-681fe2ec8987",
              "type": "max_health",
              "amount": 1.5,
              "operation": "add_value",
              "slot": "chest"
            },
            {
              "id": "ed1af8d4-2722-4238-a399-2611c1b24e1a",
              "type": "water_movement_efficiency",
              "amount": 0.25,
              "operation": "add_value",
              "slot": "chest"
            },
            {
              "id": "ddf03ef7-3059-4ab7-a362-f02a5983dcd6",
              "type": "oxygen_bonus",
              "amount": 10,
              "operation": "add_value",
              "slot": "chest"
            },
            {
              "id": "7c037848-df85-4307-8bd6-63c63a13c41c",
              "type": "submerged_mining_speed",
              "amount": 1,
              "operation": "add_value",
              "slot": "chest"
            }
          ],
          "minecraft:equippable": {
            "slot": "chest",
            "asset_id": "minecraft:leather",
            "equip_sound": "item.armor.equip_diamond",
            "dispensable": true,
            "swappable": true,
            "damage_on_hurt": true
          },
          "minecraft:tooltip_display": {
              "hidden_components": [
                "minecraft:dyed_color",
                "minecraft:trim"
              ]
          },
          "minecraft:custom_data": {
            "armor_upgrades.prismarine": true
          },
          "minecraft:custom_name": {
            "text": "Prismarine Chestplate",
            "italic": false
          }
        }
    }
}