{
  "pools": [
    {
      "rolls": 1,
      "entries": [
        {
          "type": "item",
          "weight": 1,
          "name": "minecraft:map",
          "functions": [
            {
              "function": "minecraft:exploration_map",
              "destination": "fishing_expansion:buried_treasure",
              "decoration": "minecraft:banner_yellow",
              "zoom": 1,
              "search_radius": 100,
              "skip_existing_chunks": false
            },
            {
              "function": "set_components",
              "components": {
                "minecraft:rarity": "uncommon",
                "minecraft:item_name": "{\"translate\":\"fishing_expansion.map.buried_treasure\",\"fallback\":\"Buried Treasure Map\"}",
                "minecraft:map_color": 15458110
              }
            }
          ]
        }
      ]
    }
  ]
}