{
	"pools": [
		{
			"rolls": 1,
			"entries": [
				{
					"type": "item",
					"weight": 1,
					"name": "minecraft:warped_fungus_on_a_stick",
					"functions": [
						{
							"function": "set_components",
							"components": {
								"minecraft:rarity": "uncommon",
								"minecraft:item_model": "minecraft:compass",
								"minecraft:item_name": {
									"translate": "wandering_trader_maps.item.compass_map_tracker",
									"fallback": "Compass Map Tracker"
								},
								"minecraft:custom_data": {
									"wandering_trader_maps:compass_map_tracker": true
								}
							}
						}
					]
				}
			]
		}
	]
}
